ScientificName,CommonName,ToxicityLevel,ToxinGroup,Description,KeyIdentifiers,TypicalSymptoms,Habitat,DistributionNote,IsActive
Bungarus candidus,Rắn cạp nia,Deadly,Neurotoxin,"Rắn cạp nia miền Nam, cực độc, hoạt động ban đêm",Thân khoang trắng-đen rõ rệt; tiết diện thân hình tam giác,Liệt cơ; sụp mí; khó thở; thường ít/không sưng đau,Cánh đồng; gần nước; có thể vào nhà ban đêm,Miền Nam Việt Nam; vùng nông thôn,TRUE
Bungarus fasciatus,Rắn cạp nong,Deadly,Neurotoxin,"Rắn cạp nong khoang vàng-đen, cực độc",Thân khoang vàng-đen; đuôi tù; sống lưng nhô cao,Buồn ngủ; yếu cơ tiến triển; khó nuốt; có thể suy hô hấp,Vùng rừng núi; ven sông suối,Toàn Việt Nam,TRUE
Calloselasma rhodostoma,Rắn chàm quạp,HighlyVenomous,Hemotoxin,"Rắn lục hố má độc, phổ biến ở rẫy cao su",Thân màu nâu/hồng nhạt; hoa văn tam giác đối xứng,Chảy máu vết cắn khó cầm; sưng nề; hoại tử; rối loạn đông máu,Rẫy cao su; vùng đất đỏ; dưới lớp lá khô,Tây Nguyên; Đông Nam Bộ,TRUE
Rhabdophis subminiatus,Rắn hoa cỏ cổ đỏ,HighlyVenomous,Mixed,"Rắn răng sau có nọc nguy hiểm, gây rối loạn đông máu và suy thận",Cổ có màu đỏ rực rỡ; thân xanh xám hoặc nâu; răng sau (opisthoglyphous),Xuất huyết dưới da; rối loạn đông máu; suy thận cấp; tiểu ra máu,Cạnh ao hồ; suối; đồng ruộng,Phổ biến gần nguồn nước toàn Việt Nam,TRUE
Ophiophagus hannah,Rắn hổ mang chúa,Deadly,Mixed,"Rắn độc lớn nhất thế giới, có thể dài trên 5m",Kích thước rất lớn (>3m); phình mang theo chiều dọc; vảy chẩm lớn,Đau dữ dội; sưng lan nhanh; suy hô hấp cấp tốc,Rừng sâu; bụi rậm; hang hốc tự nhiên,Rừng khắp Việt Nam,TRUE
Naja kaouthia,Rắn hổ mang đất,Deadly,Mixed,"Rắn hổ mang phổ biến nhất VN, nọc chứa cả neurotoxin và cytotoxin",Phình mang có hình mắt kính (chữ O) ở sau cổ,Vết cắn sưng; phồng rộp; hoại tử mô; đau nhiều; có thể suy hô hấp,Vườn rẫy; dưới đống củi; khu dân cư,Phổ biến gần khu dân cư toàn Việt Nam,TRUE
Naja siamensis,Rắn hổ mèo,Deadly,Mixed,"Rắn hổ mang phun nọc, có thể phun xa 2-3m",Có khả năng phun độc; mang hình chữ V hoặc không rõ,Nếu độc vào mắt: kích ứng nặng/mù tạm thời-vĩnh viễn; hoại tử mô; đau/sưng; có thể suy hô hấp,Vùng đất khô ráo; lùm bụi; kho bãi,Miền Đông Nam Bộ; miền Trung,TRUE
Azemiops feae,Rắn lục đầu bạc,HighlyVenomous,Hemotoxin,"Rắn lục nguyên thủy hiếm gặp, sống vùng núi cao lạnh",Đầu dẹp rộng có hai đường sọc trắng/vàng; thân đen sọc ngang nhỏ,Sưng nề; bầm tím lan rộng; đau nhức cục bộ,Vùng núi cao; khí hậu lạnh; rừng ẩm,Miền Bắc Việt Nam; vùng núi cao >800m,TRUE
Trimeresurus albolabris,Rắn lục đuôi đỏ,HighlyVenomous,Hemotoxin,"Rắn lục xanh phổ biến nhất, sống trên cây",Thân xanh lá; mút đuôi đỏ/cam đặc trưng; môi trắng,Rối loạn đông máu; sưng phù; bầm tím toàn chi; đau,Bụi cây thấp; vườn cây; tán lá xanh,Phổ biến toàn Việt Nam,TRUE
Trimeresurus vogeli,Rắn lục Von-gen,HighlyVenomous,Hemotoxin,"Rắn lục xanh sẫm, dễ nhầm với lục đuôi đỏ",Thân xanh sẫm; bụng nhạt; mắt vàng/xanh; KHÔNG có đuôi đỏ (khác T. albolabris),Sưng đau; xuất huyết cục bộ tại vết cắn; rối loạn đông máu,Rừng rậm; khu vực gần suối; núi cao,Rừng núi miền Trung và miền Bắc,TRUE
Enhydris enhydris,Rắn bông súng,NonVenomous,NonVenomous,"Rắn nước hiền lành, phổ biến ở ao hồ",Thân nâu xám; dải sọc mờ dọc thân; sống dưới nước,Đau nhẹ tại chỗ như vết trầy xước,Ao; hồ; mương rãnh; ruộng lúa,Vùng nước ngọt toàn Việt Nam,TRUE
Chrysopelea ornata,Rắn cườm,NonVenomous,NonVenomous,"Rắn bay, có khả năng lượn từ cây này sang cây khác",Thân xanh lục nhạt có đốm đen; có khả năng 'bay' (lượn) quãng ngắn,Hầu như không sưng/không đau; có thể chỉ là chấm răng nhỏ,Bụi cây; mái nhà; vườn cây; hay thấy ban ngày,Phổ biến toàn Việt Nam,TRUE
Xenopeltis unicolor,Rắn hổ hành,NonVenomous,NonVenomous,"Rắn chui đất, vảy óng ánh ngũ sắc dưới ánh sáng",Vảy bóng loáng phản chiếu ngũ sắc dưới ánh sáng,Vết răng li ti; không triệu chứng toàn thân,Dưới lớp đất ẩm; lá mục; hang chuột,Vùng đất ẩm toàn Việt Nam,TRUE
Ptyas mucosa,Rắn hổ trâu (Ráo trâu),NonVenomous,NonVenomous,"Rắn lớn di chuyển cực nhanh, ăn chuột giỏi",Kích thước lớn (>2m); di chuyển rất nhanh; thân nâu/xám,Vết cắn có thể chảy máu do răng sắc; không triệu chứng toàn thân,Đồng ruộng; bụi rậm; ven làng,Phổ biến vùng nông thôn toàn Việt Nam,TRUE
Ptyas korros,Rắn ráo thường,NonVenomous,NonVenomous,"Rắn ráo thon dài, mắt rất lớn, hiền lành",Thân thon dài; nâu nhạt; mắt rất lớn,Vết cắn vật lý; có thể chảy máu nhẹ; không triệu chứng toàn thân,Cây cối; lùm bụi; vườn nhà,Phổ biến toàn Việt Nam,TRUE
Homalopsis buccata,Rắn ri cá,NonVenomous,NonVenomous,"Rắn nước đầu phình, sống hoàn toàn dưới nước",Thân có khoang nâu sẫm; đầu có hoa văn đặc trưng; sống dưới nước,Đau tại chỗ; có thể sưng nhẹ do vi khuẩn trong miệng,Sông suối; ao hồ; vùng ngập nước,Vùng nước ngọt toàn Việt Nam,TRUE
Subsessor bocourti,Rắn ri voi,NonVenomous,NonVenomous,"Rắn nước thân to chắc, răng lớn có thể gây chảy máu nhiều",Thân dày chắc; nâu đen; vạch vàng nhạt,Vết cắn có thể chảy máu nhiều do răng lớn sắc; ít/không triệu chứng toàn thân,Vùng đất ngập nước; mương rãnh; ao đầm,Vùng ngập nước miền Nam,TRUE
Coelognathus radiatus,Rắn sọc dưa,NonVenomous,NonVenomous,"Rắn chuột phổ biến, hay dựng cổ dọa nhưng vô hại",4 đường sọc đen dọc lưng; hay dựng cổ dọa đối phương,Nhiều dấu răng nhỏ hình vòng cung; thường không sưng/không đau lan rộng,Quanh nhà; đồng cỏ; bụi rậm; chuồng gà/chuồng chim,Phổ biến gần khu dân cư toàn Việt Nam,TRUE
